forename,surname,dob,nationality
Lewis,Hamilton,07/01/1985,British
Nick,Heidfeld,10/05/1977,German
Nico,Rosberg,27/06/1985,German
Fernando,Alonso,29/07/1981,Spanish
Heikki,Kovalainen,19/10/1981,Finnish
Kazuki,Nakajima,11/01/1985,Japanese
S泰bastien,Bourdais,28/02/1979,French
Kimi,R蘝ikk苔nen,17/10/1979,Finnish
Robert,Kubica,07/12/1984,Polish
Timo,Glock,18/03/1982,German
Takuma,Sato,28/01/1977,Japanese
Nelson,Piquet Jr.,25/07/1985,Brazilian
Felipe,Massa,25/04/1981,Brazilian
David,Coulthard,27/03/1971,British
Jarno,Trulli,13/07/1974,Italian
Adrian,Sutil,11/01/1983,German
Mark,Webber,27/08/1976,Australian
Jenson,Button,19/01/1980,British
Anthony,Davidson,18/04/1979,British
Sebastian,Vettel,03/07/1987,German
Giancarlo,Fisichella,14/01/1973,Italian
Rubens,Barrichello,23/05/1972,Brazilian
Ralf,Schumacher,30/06/1975,German
Vitantonio,Liuzzi,06/08/1980,Italian
Alexander,Wurz,15/02/1974,Austrian
Scott,Speed,24/01/1983,American
Christijan,Albers,16/04/1979,Dutch
Markus,Winkelhock,13/06/1980,German
Sakon,Yamamoto,09/07/1982,Japanese
Michael,Schumacher,03/01/1969,German
Juan,Pablo Montoya,20/09/1975,Colombian
Christian,Klien,07/02/1983,Austrian
Tiago,Monteiro,24/07/1976,Portuguese
Yuji,Ide,21/01/1975,Japanese
Jacques,Villeneuve,09/04/1971,Canadian
Franck,Montagny,05/01/1978,French
Pedro,de la Rosa,24/02/1971,Spanish
Robert,Doornbos,23/09/1981,Dutch
Narain,Karthikeyan,14/01/1977,Indian
Patrick,Friesacher,26/09/1980,Austrian
Ricardo,Zonta,23/03/1976,Brazilian
Ant太nio,Pizzonia,11/09/1980,Brazilian
Cristiano,da Matta,19/09/1973,Brazilian
Olivier,Panis,02/09/1966,French
Giorgio,Pantano,04/02/1979,Italian
Gianmaria,Bruni,30/05/1981,Italian
Zsolt,Baumgartner,01/01/1981,Hungarian
Marc,Gen泰,29/03/1974,Spanish
Heinz-Harald,Frentzen,18/05/1967,German
Jos,Verstappen,04/03/1972,Dutch
Justin,Wilson,31/07/1978,British
Ralph,Firman,20/05/1975,Irish
Nicolas,Kiesa,03/03/1978,Danish
Luciano,Burti,05/03/1975,Brazilian
Jean,Alesi,11/06/1964,French
Eddie,Irvine,10/11/1965,British
Mika,H蘝kkinen,28/09/1968,Finnish
Tarso,Marques,19/01/1976,Brazilian
Enrique,Bernoldi,19/10/1978,Brazilian
Gast蘝n,Mazzacane,08/05/1975,Argentine
Tom塘伭,Enge,11/09/1976,Czech
Alex,Yoong,20/07/1976,Malaysian
Mika,Salo,30/11/1966,Finnish
Pedro,Diniz,22/05/1970,Brazilian
Johnny,Herbert,25/06/1964,British
Allan,McNish,29/12/1969,British
S泰bastien,Buemi,31/10/1988,Swiss
Toranosuke,Takagi,12/02/1974,Japanese
Luca,Badoer,25/01/1971,Italian
Alessandro,Zanardi,23/10/1966,Italian
Damon,Hill,17/09/1960,British
St泰phane,Sarrazin,02/11/1975,French
Ricardo,Rosset,27/07/1968,Brazilian
Esteban,Tuero,22/04/1978,Argentine
Shinji,Nakano,01/04/1971,Japanese
Jan,Magnussen,04/07/1973,Danish
Gerhard,Berger,27/08/1959,Austrian
Nicola,Larini,19/03/1964,Italian
Ukyo,Katayama,29/05/1963,Japanese
Vincenzo,Sospiri,07/10/1966,Italian
Gianni,Morbidelli,13/01/1968,Italian
Norberto,Fontana,20/01/1975,Argentine
Pedro,Lamy,20/03/1972,Portuguese
Martin,Brundle,01/06/1959,British
Andrea,Montermini,30/05/1964,Italian
Giovanni,Lavaggi,18/02/1958,Italian
Mark,Blundell,08/04/1966,British
Aguri,Suzuki,08/09/1960,Japanese
Taki,Inoue,05/09/1963,Japanese
Roberto,Moreno,11/02/1959,Brazilian
Karl,Wendlinger,20/12/1968,Austrian
Bertrand,Gachot,23/12/1962,Belgian
Domenico,Schiattarella,17/11/1967,Italian
Pierluigi,Martini,23/04/1961,Italian
Nigel,Mansell,08/08/1953,British
Jean-Christophe,Boullion,27/12/1969,French
Massimiliano,Papis,03/10/1969,Italian
Jean-Denis,D泰l泰traz,01/10/1963,Swiss
Gabriele,Tarquini,02/03/1962,Italian
啼rik,Comas,28/09/1963,French
David,Brabham,05/09/1965,Australian
Ayrton,Senna,21/03/1960,Brazilian
啼ric,Bernard,24/08/1964,French
Christian,Fittipaldi,18/01/1971,Brazilian
Michele,Alboreto,23/12/1956,Italian
Olivier,Beretta,23/11/1969,Monegasque
Roland,Ratzenberger,04/07/1960,Austrian
Paul,Belmondo,23/04/1963,French
Jyrki,J蘝rvilehto,31/01/1966,Finnish
Andrea,de Cesaris,31/05/1959,Italian
Jean-Marc,Gounon,01/01/1963,French
Philippe,Alliot,27/07/1954,French
Philippe,Adams,19/11/1969,Belgian
Yannick,Dalmas,28/07/1961,French
Hideki,Noda,07/03/1969,Japanese
Franck,Lagorce,01/09/1968,French
Alain,Prost,24/02/1955,French
Derek,Warwick,27/08/1954,British
Riccardo,Patrese,17/04/1954,Italian
Fabrizio,Barbazza,02/04/1963,Italian
Michael,Andretti,05/10/1962,American
Ivan,Capelli,24/05/1963,Italian
Thierry,Boutsen,13/07/1957,Belgian
Marco,Apicella,07/10/1965,Italian
Emanuele,Naspetti,24/02/1968,Italian
Toshio,Suzuki,10/03/1955,Japanese
Maur蘝cio,Gugelmin,20/04/1963,Brazilian
Eric,van de Poele,30/09/1961,Belgian
Olivier,Grouillard,02/09/1958,French
Andrea,Chiesa,06/05/1964,Swiss
Stefano,Modena,12/05/1963,Italian
Giovanna,Amati,20/07/1959,Italian
Alex,Caffi,18/03/1964,Italian
Enrico,Bertaggia,19/09/1964,Italian
Perry,McCarthy,03/03/1961,British
Jan,Lammers,02/06/1956,Dutch
Nelson,Piquet,17/08/1952,Brazilian
Satoru,Nakajima,23/02/1953,Japanese
Emanuele,Pirro,12/01/1962,Italian
Stefan,Johansson,08/09/1956,Swedish
Julian,Bailey,09/10/1961,British
Pedro,Chaves,27/02/1965,Portuguese
Michael,Bartels,08/03/1968,German
Naoki,Hattori,13/06/1966,Japanese
Alessandro,Nannini,07/07/1959,Italian
Bernd,Schneider,20/07/1964,German
Paolo,Barilla,20/04/1961,Italian
Gregor,Foitek,27/03/1965,Swiss
Claudio,Langes,20/07/1960,Italian
Gary,Brabham,29/03/1961,Australian
Martin,Donnelly,26/03/1964,British
Bruno,Giacomelli,10/09/1952,Italian
Jaime,Alguersuari,23/03/1990,Spanish
Romain,Grosjean,17/04/1986,French
Kamui,Kobayashi,13/09/1986,Japanese
Jonathan,Palmer,07/11/1956,British
Christian,Danner,04/04/1958,German
Eddie,Cheever,10/01/1958,American
Luis,P泰rez-Sala,15/05/1959,Spanish
Piercarlo,Ghinzani,16/01/1952,Italian
Volker,Weidler,18/03/1962,German
Pierre-Henri,Raphanel,27/05/1961,French
Ren泰,Arnoux,04/07/1948,French
Joachim,Winkelhock,24/10/1960,German
Oscar,Larrauri,19/08/1954,Argentine
Philippe,Streiff,26/06/1955,French
Adri塘n,Campos,17/06/1960,Spanish
Jean-Louis,Schlesser,12/09/1948,French
Pascal,Fabre,09/01/1960,French
Teo,Fabi,09/03/1955,Italian
Franco,Forini,22/09/1958,Swiss
Jacques,Laffite,21/11/1943,French
Elio,de Angelis,26/03/1958,Italian
Johnny,Dumfries,26/04/1958,British
Patrick,Tambay,25/06/1949,French
Marc,Surer,18/09/1951,Swiss
Keke,Rosberg,06/12/1948,Finnish
Alan,Jones,02/11/1946,Australian
Huub,Rothengatter,08/10/1954,Dutch
Allen,Berg,01/08/1961,Canadian
Manfred,Winkelhock,06/10/1951,German
Niki,Lauda,22/02/1949,Austrian
Fran踏ois,Hesnault,30/12/1956,French
Mauro,Baldi,31/01/1954,Italian
Stefan,Bellof,20/11/1957,German
Kenny,Acheson,27/11/1957,British
John,Watson,04/05/1946,British
Johnny,Cecotto,25/01/1956,Venezuelan
Jo,Gartner,24/01/1954,Austrian
Corrado,Fabi,12/04/1961,Italian
Mike,Thackwell,30/03/1961,New Zealander
Chico,Serra,03/02/1957,Brazilian
Danny,Sullivan,09/03/1950,American
Eliseo,Salazar,14/11/1954,Chilean
Roberto,Guerrero,16/11/1958,Colombian
Raul,Boesel,04/12/1957,Brazilian
Jean-Pierre,Jarier,10/07/1946,French
Jacques,Villeneuve Sr.,04/11/1953,Canadian
Carlos,Reutemann,12/04/1942,Argentine
Jochen,Mass,30/09/1946,German
Slim,Borgudd,25/11/1946,Swedish
Didier,Pironi,26/03/1952,French
Gilles,Villeneuve,18/01/1950,Canadian
Riccardo,Paletti,15/06/1958,Italian
Brian,Henton,19/09/1946,British
Derek,Daly,11/03/1953,Irish
Mario,Andretti,28/02/1940,American
Emilio,de Villota,26/07/1946,Spanish
Geoff,Lees,01/05/1951,British
Tommy,Byrne,06/05/1958,Irish
Rupert,Keegan,26/02/1955,British
Hector,Rebaque,05/02/1956,Mexican
Beppe,Gabbiani,02/01/1957,Italian
Kevin,Cogan,31/03/1956,American
Miguel 虂ngel,Guerra,31/08/1953,Argentine
Siegfried,Stohr,10/10/1952,Italian
Ricardo,Zunino,13/04/1949,Argentine
Ricardo,Londo瘫o,08/08/1949,Colombian
Jean-Pierre,Jabouille,01/10/1942,French
Giorgio,Francia,08/11/1947,Italian
Patrick,Depailler,09/08/1944,French
Jody,Scheckter,29/01/1950,South African
Clay,Regazzoni,05/09/1939,Swiss
Emerson,Fittipaldi,12/12/1946,Brazilian
Dave,Kennedy,15/01/1953,Irish
Stephen,South,19/02/1952,British
Tiff,Needell,29/10/1951,British
Desir泰,Wilson,26/11/1953,South African
Harald,Ertl,31/08/1948,Austrian
Vittorio,Brambilla,11/11/1937,Italian
James,Hunt,29/08/1947,British
Arturo,Merzario,11/03/1943,Italian
Hans-Joachim,Stuck,01/01/1951,German
Gianfranco,Brancatelli,18/01/1950,Italian
Jacky,Ickx,01/01/1945,Belgian
Patrick,Gaillard,12/02/1952,French
Alex,Ribeiro,07/11/1948,Brazilian
Ronnie,Peterson,14/02/1944,Swedish
Brett,Lunger,14/11/1945,American
Danny,Ongais,21/05/1942,American
Lamberto,Leoni,24/05/1953,Italian
Divina,Galica,13/08/1944,British
Rolf,Stommelen,11/07/1943,German
Alberto,Colombo,23/02/1946,Italian
Tony,Trimmer,24/01/1943,British
Hans,Binder,12/06/1948,Austrian
Michael,Bleekemolen,02/10/1949,Dutch
Carlo,Franchi,01/01/1938,Italian
Bobby,Rahal,10/01/1953,American
Carlos,Pace,06/10/1944,Brazilian
Ian,Scheckter,22/08/1947,South African
Tom,Pryce,11/06/1949,British
Ingo,Hoffmann,28/02/1953,Brazilian
Renzo,Zorzi,12/12/1946,Italian
Gunnar,Nilsson,20/11/1948,Swedish
Larry,Perkins,18/03/1950,Australian
Boy,Lunger,03/05/1949,Dutch
Patrick,N态ve,13/10/1949,Belgian
David,Purley,26/01/1945,British
Conny,Andersson,28/12/1939,Swedish
Bernard,de Dryver,19/09/1952,Belgian
Jackie,Oliver,14/08/1942,British
Mikko,Kozarowitzky,17/05/1948,Finnish
Andy,Sutcliffe,09/05/1947,British
Guy,Edwards,30/12/1942,British
Brian,McGuire,13/12/1945,Australian
Vern,Schuppan,19/03/1943,Australian
Hans,Heyer,16/03/1943,German
Teddy,Pilette,26/07/1942,Belgian
Ian,Ashley,26/10/1947,British
Loris,Kessel,01/04/1950,Swiss
Kunimitsu,Takahashi,29/01/1940,Japanese
Kazuyoshi,Hoshino,01/07/1947,Japanese
Noritake,Takahara,06/06/1951,Japanese
Lella,Lombardi,26/03/1941,Italian
Bob,Evans,11/06/1947,British
Michel,Lecl态re,18/03/1946,French
Chris,Amon,20/07/1943,New Zealander
Emilio,Zapico,27/05/1944,Spanish
Henri,Pescarolo,25/09/1942,French
Jac,Nelleman,19/04/1944,Danish
Damien,Magee,17/11/1945,British
Mike,Wilds,07/01/1946,British
Alessandro,Pesenti-Rossi,31/08/1942,Italian
Otto,Stuppacher,03/03/1947,Austrian
Warwick,Brown,24/12/1949,Australian
Masahiro,Hasemi,13/11/1945,Japanese
Mark,Donohue,18/03/1937,American
Graham,Hill,15/02/1929,British
Wilson,Fittipaldi,25/12/1943,Brazilian
Guy,Tunmer,01/12/1948,South African
Eddie,Keizan,12/09/1944,South African
Dave,Charlton,27/10/1936,South African
Tony,Brise,28/03/1952,British
Roelof,Wunderink,12/12/1948,Dutch
Fran踏ois,Migault,04/12/1944,French
Torsten,Palm,23/07/1947,Swedish
Gijs,van Lennep,16/03/1942,Dutch
Hiroshi,Fushida,10/03/1946,Japanese
John,Nicholson,06/10/1941,New Zealander
Dave,Morgan,07/08/1944,British
Jim,Crawford,13/02/1948,British
Jo,Vonlanthen,31/05/1942,Swiss
Denny,Hulme,18/06/1936,New Zealander
Mike,Hailwood,02/04/1940,British
Jean-Pierre,Beltoise,26/04/1937,French
Howden,Ganley,24/12/1941,New Zealander
Richard,Robarts,22/09/1944,British
Peter,Revson,27/02/1939,American
Paddy,Driver,13/05/1934,South African
Tom,Bels厅,27/08/1942,Danish
Brian,Redman,09/03/1937,British
Rikky,von Opel,14/10/1947,Liechtensteiner
Tim,Schenken,26/09/1943,Australian
G泰rard,Larrousse,23/05/1940,French
Leo,Kinnunen,05/08/1943,Finnish
Reine,Wisell,30/09/1941,Swedish
Bertil,Roos,12/10/1943,Swedish
Jos泰,Dolhem,26/04/1944,French
Peter,Gethin,21/02/1940,British
Derek,Bell,31/10/1941,British
David,Hobbs,09/06/1939,British
Dieter,Quester,30/05/1939,Austrian
Helmuth,Koinigg,03/11/1948,Austrian
Carlo,Facetti,26/06/1935,Italian
Eppie,Wietzes,28/05/1938,Canadian
Fran踏ois,Cevert,25/02/1944,French
Jackie,Stewart,11/06/1939,British
Mike,Beuttler,13/04/1940,British
Nanni,Galli,02/10/1940,Italian
Luiz,Bueno,16/01/1937,Brazilian
George,Follmer,27/01/1934,American
Andrea,de Adamich,03/10/1941,Italian
Jackie,Pretorius,22/11/1934,South African
Roger,Williamson,02/02/1948,British
Graham,McRae,05/03/1940,New Zealander
Helmut,Marko,27/04/1943,Austrian
David,Walker,10/06/1941,Australian
Alex,Soler-Roig,29/10/1932,Spanish
John,Love,07/12/1924,Rhodesian
John,Surtees,11/02/1934,British
Skip,Barber,16/11/1936,American
Bill,Brack,26/12/1935,Canadian
Sam,Posey,26/05/1944,American
Pedro,Rodr蘝guez,18/01/1940,Mexican
Jo,Siffert,07/07/1936,Swiss
Jo,Bonnier,31/01/1930,Swedish
Fran踏ois,Mazet,24/02/1943,French
Max,Jean,27/07/1943,French
Vic,Elford,10/06/1935,British
Silvio,Moser,24/04/1941,Swiss
George,Eaton,12/11/1945,Canadian
Pete,Lovely,11/04/1926,American
Chris,Craft,17/11/1939,British
John,Cannon,21/06/1933,Canadian
Jack,Brabham,02/04/1926,Australian
John,Miles,14/06/1943,British
Jochen,Rindt,18/04/1942,Austrian
Johnny,Servoz-Gavin,18/01/1942,French
Bruce,McLaren,30/08/1937,New Zealander
Piers,Courage,27/05/1942,British
Peter,de Klerk,16/03/1935,South African
Ignazio,Giunti,30/08/1941,Italian
Dan,Gurney,13/04/1931,American
Hubert,Hahne,28/03/1935,German
Gus,Hutchison,26/04/1937,American
Peter,Westbury,26/05/1938,British
Sam,Tingle,24/08/1921,Rhodesian
Basil,van Rooyen,19/04/1939,South African
Richard,Attwood,04/04/1940,British
Al,Pease,15/10/1921,Canadian
John,Cordts,23/07/1935,Canadian
Jim,Clark,04/03/1936,British
Mike,Spence,30/12/1936,British
Ludovico,Scarfiotti,18/10/1933,Italian
Lucien,Bianchi,10/11/1934,Belgian
Jo,Schlesser,18/05/1928,French
Robin,Widdows,27/05/1942,British
Kurt,Ahrens,19/04/1940,German
Frank,Gardner,01/10/1930,Australian
Bobby,Unser,20/02/1934,American
Mois泰s,Solana,26/12/1935,Mexican
Bob,Anderson,19/05/1931,British
Luki,Botha,16/01/1930,South African
Lorenzo,Bandini,21/12/1935,Italian
Richie,Ginther,05/08/1930,American
Mike,Parkes,24/09/1931,British
Chris,Irwin,27/06/1942,British
Guy,Ligier,12/07/1930,French
Alan,Rees,12/01/1938,British
Brian,Hart,07/09/1936,British
Mike,Fisher,13/03/1943,American
Tom,Jones,26/04/1943,American
Giancarlo,Baghetti,25/12/1934,Italian
Jonathan,Williams,26/10/1942,British
Bob,Bondurant,27/04/1933,American
Peter,Arundell,08/11/1933,British
Vic,Wilson,14/04/1931,British
John,Taylor,23/03/1933,British
Chris,Lawrence,27/07/1933,British
Trevor,Taylor,26/12/1936,British
Giacomo,Russo,23/10/1937,Italian
Phil,Hill,20/04/1927,American
Innes,Ireland,12/06/1930,British
Ronnie,Bucknum,05/04/1936,American
Paul,Hawkins,12/10/1937,Australian
David,Prophet,09/10/1937,British
Tony,Maggs,09/02/1937,South African
Trevor,Blokdyk,30/11/1935,South African
Neville,Lederle,25/09/1938,South African
Doug,Serrurier,09/12/1920,South African
Brausch,Niemann,07/01/1939,South African
Ernie,Pieterse,04/07/1938,South African
Clive,Puzey,11/07/1941,Rhodesian
Ray,Reed,,South African
David,Clapham,18/05/1931,South African
Alex,Blignaut,30/11/1932,South African
Masten,Gregory,29/02/1932,American
John,Rhodes,18/08/1927,British
Ian,Raby,22/09/1921,British
Alan,Rollinson,15/05/1943,British
Brian,Gubby,17/04/1934,British
Gerhard,Mitter,30/08/1935,German
Roberto,Bussinello,04/10/1927,Italian
Nino,Vaccarella,04/03/1933,Italian
Giorgio,Bassi,20/01/1934,Italian
Maurice,Trintignant,30/10/1917,French
Bernard,Collomb,07/10/1930,French
Andr泰,Pilette,06/10/1918,Belgian
Carel Godin,de Beaufort,10/04/1934,Dutch
Edgar,Barth,26/01/1917,German
M塘rio de Ara碳jo,Cabral,15/01/1934,Portuguese
Walt,Hansgen,28/10/1919,American
Hap,Sharp,01/01/1928,American
Willy,Mairesse,01/10/1928,Belgian
John,Campbell-Jones,21/01/1930,British
Ian,Burgess,06/07/1930,British
Tony,Settember,10/07/1926,American
Nasif,Est泰fano,18/11/1932,Argentine
Jim,Hall,23/07/1935,American
Tim,Parnell,25/06/1932,British
Kurt,Kuhnke,30/04/1910,German
Ernesto,Brambilla,31/01/1934,Italian
Roberto,Lippi,17/10/1926,Italian
G蘝nther,Seiffert,18/10/1937,German
Carlo,Abate,10/07/1932,Italian
Gaetano,Starrabba,03/12/1932,Italian
Peter,Broeker,15/05/1926,Canadian
Rodger,Ward,10/01/1921,American
Ernie,de Vos,01/07/1941,Dutch
Frank,Dochnal,08/10/1920,American
Thomas,Monarch,03/09/1945,American
Pierre,Gasly,07/02/1996,French
Jackie,Lewis,01/11/1936,British
Ricardo,Rodr蘝guez,14/02/1942,Mexican
Wolfgang,Seidel,04/07/1926,German
Roy,Salvadori,12/05/1922,British
Ben,Pon,09/12/1936,Dutch
Rob,Slotemaker,13/06/1929,Dutch
Tony,Marsh,20/07/1931,British
Gerry,Ashmore,25/07/1936,British
Heinz,Schiller,25/01/1930,Swiss
Colin,Davis,29/07/1933,British
Jay,Chamberlain,29/12/1925,American
Tony,Shelly,02/02/1937,New Zealander
Keith,Greene,05/01/1938,British
Heini,Walter,28/07/1927,Swiss
Ernesto,Prinoth,15/04/1923,Italian
Roger,Penske,20/02/1937,American
Rob,Schroeder,11/05/1926,British
Timmy,Mayer,22/02/1938,American
Bruce,Johnstone,30/01/1937,South African
Mike,Harris,25/05/1939,South African
Gary,Hocking,30/09/1937,Rhodesian
Syd,van der Vyver,01/06/1920,South African
Stirling,Moss,17/09/1929,British
Wolfgang,von Trips,04/05/1928,German
Cliff,Allison,08/02/1932,British
Hans,Herrmann,23/02/1928,German
Tony,Brooks,25/02/1932,British
Michael,May,18/08/1934,Swiss
Henry,Taylor,16/12/1932,British
Olivier,Gendebien,12/01/1924,Belgian
Giorgio,Scarlatti,02/10/1921,Italian
Brian,Naylor,24/03/1923,British
Juan Manuel,Bordeu,28/01/1934,Argentine
Jack,Fairman,15/03/1913,British
Massimo,Natili,28/07/1935,Italian
Peter,Monteverdi,07/06/1934,Swiss
Renato,Pirocchi,26/03/1933,Italian
Geoff,Duke,29/03/1923,British
Alfonso,Thiele,05/04/1920,American-Italian
Menato,Boffa,04/01/1930,Italian
Peter,Ryan,10/06/1940,Canadian
Lloyd,Ruby,12/01/1928,American
Ken,Miles,01/11/1918,British
Carlos,Menditeguy,10/08/1914,Argentine
Alberto Rodriguez,Larreta,14/01/1934,Argentine
Jos泰 Froil塘n,Gonz塘lez,05/10/1922,Argentine
Roberto,Bonomi,30/09/1919,Argentine
Gino,Munaron,02/04/1928,Italian
Harry,Schell,29/06/1921,American
Alan,Stacey,29/08/1933,British
Ettore,Chimeri,04/06/1921,Venezuelan
Antonio,Creus,28/10/1924,Spanish
Chris,Bristow,02/12/1937,British
Bruce,Halford,18/05/1931,British
Chuck,Daigh,29/11/1923,American
Lance,Reventlow,24/02/1936,American
Jim,Rathmann,16/07/1928,American
Paul,Goldsmith,02/10/1925,American
Don,Branson,02/06/1920,American
Johnny,Thomson,09/04/1922,American
Eddie,Johnson,10/02/1919,American
Bob,Veith,01/11/1926,American
Bud,Tingelstad,04/04/1928,American
Bob,Christie,04/04/1924,American
Red,Amick,19/01/1929,American
Duane,Carter,05/05/1913,American
Bill,Homeier,31/08/1918,American
Gene,Hartley,28/01/1926,American
Chuck,Stevenson,15/10/1919,American
Bobby,Grim,04/09/1924,American
Shorty,Templeman,12/08/1919,American
Jim,Hurtubise,05/12/1932,American
Jimmy,Bryan,28/01/1926,American
Troy,Ruttman,11/03/1930,American
Eddie,Sachs,28/05/1927,American
Don,Freeland,25/03/1925,American
Tony,Bettenhausen,12/09/1916,American
Wayne,Weiler,09/12/1934,American
Anthony,Foyt,16/01/1935,American
Eddie,Russo,19/11/1925,American
Johnny,Boyd,19/08/1926,American
Gene,Force,15/06/1916,American
Jim,McWithey,04/07/1927,American
Len,Sutton,09/08/1925,American
Dick,Rathmann,06/01/1924,American
Al,Herman,15/03/1927,American
Dempsey,Wilson,11/03/1927,American
Mike,Taylor,24/04/1934,British
Ron,Flockhart,16/06/1923,British
David,Piper,02/12/1930,British
Giulio,Cabianca,19/02/1923,Italian
Piero,Drogo,08/08/1926,Italian
Fred,Gamble,17/03/1932,American
Arthur,Owen,23/03/1915,British
Horace,Gould,20/09/1918,British
Bob,Drake,14/12/1919,American
Ivor,Bueb,06/06/1923,British
Alain,de Changy,05/02/1922,Belgian
Maria,de Filippis,11/11/1926,Italian
Jean,Lucienbonnet,07/01/1923,French
Andr泰,Testut,13/04/1926,Monegasque
Jean,Behra,16/02/1921,French
Paul,Russo,10/04/1914,American
Jimmy,Daywalt,28/08/1924,American
Chuck,Arnold,30/05/1926,American
Al,Keller,11/04/1920,American
Pat,Flaherty,06/01/1926,American
Bill,Cheesbourg,12/06/1927,American
Ray,Crawford,26/10/1915,American
Jack,Turner,12/02/1920,American
Chuck,Weyant,03/04/1923,American
Jud,Larson,21/01/1923,American
Mike,Magill,08/02/1920,American
Carroll,Shelby,11/01/1923,American
Fritz,d'Orey,25/03/1938,Brazilian
Azdrubal,Fontes,26/12/1922,Uruguayan
Peter,Ashdown,16/10/1934,British
Bill,Moss,04/09/1933,British
Dennis,Taylor,12/06/1921,British
Harry,Blanchard,13/06/1929,American
Alessandro,de Tomaso,10/07/1928,Argentine-Italian
George,Constantine,22/02/1918,American
Bob,Said,05/05/1932,American
Phil,Cade,12/06/1916,American
Luigi,Musso,28/07/1924,Italian
Mike,Hawthorn,10/04/1929,British
Juan,Fangio,24/06/1911,Argentine
Paco,Godia,21/03/1921,Spanish
Peter,Collins,06/11/1931,British
Ken,Kavanagh,12/12/1923,Australian
Gerino,Gerini,10/08/1928,Italian
Bruce,Kessler,23/03/1936,American
Paul,Emery,12/11/1916,British
Luigi,Piotti,27/10/1913,Italian
Bernie,Ecclestone,28/10/1930,British
Luigi,Taramazzo,05/05/1932,Italian
Louis,Chiron,1899-08-03,Monegasque
Stuart,Lewis-Evans,20/04/1930,British
George,Amick,24/10/1924,American
Jimmy,Reece,17/11/1929,American
Johnnie,Parsons,04/07/1918,American
Johnnie,Tolan,22/10/1917,American
Billy,Garrett,24/04/1933,American
Ed,Elisian,09/12/1926,American
Pat,O'Connor,09/10/1928,American
Jerry,Unser,15/11/1932,American
Art,Bisch,10/11/1926,American
Christian,Goethals,04/08/1928,Belgian
Dick,Gibson,16/04/1918,British
Robert,La Caze,26/02/1917,French
Andr泰,Guelfi,06/05/1919,French
Fran踏ois,Picard,26/04/1921,French
Tom,Bridger,24/06/1934,British
Alfonso,de Portago,11/10/1928,Spanish
Cesare,Perdisa,21/10/1932,Italian
Eugenio,Castellotti,10/10/1930,Italian
Andr泰,Simon,05/01/1920,French
Les,Leston,16/12/1920,British
Sam,Hanks,13/07/1914,American
Andy,Linden,05/04/1922,American
Marshall,Teague,22/02/1921,American
Don,Edmunds,23/09/1930,American
Fred,Agabashian,21/08/1913,American
Elmer,George,15/07/1928,American
Mike,MacDowel,13/09/1932,British
Herbert,MacKay-Fraser,23/06/1927,American
Bob,Gerard,19/01/1914,British
Umberto,Maglioli,05/06/1928,Italian
Paul,England,28/03/1929,Australian
Chico,Landi,14/07/1907,Brazilian
Alberto,Uria,11/07/1924,Uruguayan
Hernando,da Silva Ramos,07/12/1925,Brazilian
啼lie,Bayol,28/02/1914,French
Robert,Manzon,12/04/1917,French
Louis,Rosier,05/11/1905,French
Bob,Sweikert,20/05/1926,American
Cliff,Griffith,06/02/1916,American
Duke,Dinsmore,10/04/1913,American
Keith,Andrews,15/06/1920,American
Paul,Fr态re,30/01/1917,Belgian
Luigi,Villoresi,16/05/1909,Italian
Piero,Scotti,11/11/1909,Italian
Colin,Chapman,19/05/1928,British
Desmond,Titterington,01/05/1928,British
Archie,Scott Brown,13/05/1927,British
Ottorino,Volonterio,07/12/1917,Swiss
Andr泰,Milhoux,09/12/1928,Belgian
Toulo,de Graffenried,18/05/1914,Swiss
Piero,Taruffi,12/10/1906,Italian
Nino,Farina,30/10/1906,Italian
Roberto,Mieres,03/12/1924,Argentine
Sergio,Mantovani,22/05/1929,Italian
Clemar,Bucci,04/09/1920,Argentine
Jes碳s,Iglesias,22/02/1922,Argentine
Alberto,Ascari,13/07/1918,Italian
Karl,Kling,16/09/1910,German
Pablo,Birger,07/01/1924,Argentine
Jacques,Pollet,02/07/1922,French
Lance,Macklin,02/09/1919,British
Ted,Whiteaway,01/11/1928,British
Jimmy,Davies,08/08/1929,American
Walt,Faulkner,16/02/1920,American
Cal,Niday,29/04/1914,American
Art,Cross,24/01/1918,American
Bill,Vukovich,13/12/1918,American
Jack,McGrath,08/10/1919,American
Jerry,Hoyt,29/01/1929,American
Johnny,Claes,11/08/1916,Belgian
Peter,Walker,07/10/1912,British
Mike,Sparken,16/06/1930,French
Ken,Wharton,21/03/1916,British
Kenneth,McAlpine,21/09/1920,British
Leslie,Marr,14/08/1922,British
Tony,Rolt,16/10/1918,British
John,Fitch,04/08/1917,American
Jean,Lucas,25/04/1917,French
Prince,Bira,15/07/1914,Thai
Onofre,Marim蘝n,19/12/1923,Argentine
Roger,Loyer,05/08/1907,French
Jorge,Daponte,05/06/1923,Argentine
Mike,Nazaruk,02/10/1921,American
Larry,Crockett,23/10/1926,American
Manny,Ayulo,20/10/1921,American
Frank,Armi,12/10/1918,American
Travis,Webb,08/10/1910,American
Len,Duncan,25/07/1911,American
Ernie,McCoy,19/02/1921,American
Jacques,Swaters,30/10/1926,American
Georges,Berger,14/09/1918,Belgian
Don,Beauman,26/07/1928,British
Leslie,Thorne,23/06/1916,British
Bill,Whitehouse,01/04/1909,British
John,Riseley-Prichard,17/01/1924,British
Reg,Parnell,02/07/1911,British
Peter,Whitehead,12/11/1914,British
Eric,Brandon,18/07/1920,British
Alan,Brown,20/11/1919,British
Rodney,Nuckey,26/06/1929,British
Hermann,Lang,06/04/1909,German
Theo,Helfrich,13/05/1913,German
Fred,Wacker,10/07/1918,American
Giovanni,de Riu,10/03/1925,Italian
Oscar,G塘lvez,17/08/1913,Argentine
John,Barber,22/07/1929,British
Felice,Bonetto,09/06/1903,Italian
Adolfo,Cruz,28/06/1923,Argentine
Duke,Nalon,02/03/1913,American
Carl,Scarborough,03/07/1914,American
Bill,Holland,18/12/1907,American
Bob,Scott,04/10/1928,American
Arthur,Legat,1898-11-01,Belgian
Yves,Cabantous,08/10/1904,French
Tony,Crook,16/02/1920,British
Jimmy,Stewart,06/03/1931,British
Ian,Stewart,15/07/1929,British
Duncan,Hamilton,30/04/1920,British
Ernst,Klodwig,23/05/1903,East German
Rudolf,Krause,30/03/1907,East German
Oswald,Karch,06/03/1917,German
Willi,Heeks,13/02/1922,German
Theo,Fitzau,10/02/1923,East German
Kurt,Adolff,05/11/1921,German
G蘝nther,Bechem,21/12/1921,German
Erwin,Bauer,17/07/1912,German
Hans,von Stuck,27/12/1900,German
Ernst,Loof,04/07/1907,German
Albert,Scherrer,28/02/1908,Swiss
Max,de Terra,06/10/1918,Swiss
Peter,Hirt,30/03/1910,Swiss
Piero,Carini,06/03/1921,Italian
Rudi,Fischer,19/04/1912,Swiss
Toni,Ulmen,25/01/1906,German
George,Abecassis,21/03/1913,British
George,Connor,16/08/1906,American
Jim,Rigsby,06/06/1923,American
Joe,James,23/05/1925,American
Bill,Schindler,06/03/1909,American
George,Fonder,22/06/1917,American
Henry,Banks,14/06/1913,American
Johnny,McDowell,29/01/1915,American
Chet,Miller,19/07/1902,American
Bobby,Ball,26/08/1925,American
Charles,de Tornaco,07/06/1927,Belgian
Roger,Laurent,21/02/1913,Belgian
Robert,O'Brien,11/04/1908,American
Tony,Gaze,03/02/1920,Australian
Robin,Montgomerie-Charrington,23/06/1915,British
Franco,Comotti,24/07/1906,Italian
Philippe,啼tancelin,1896-12-28,French
Dennis,Poore,19/08/1916,British
Eric,Thompson,04/11/1919,British
Ken,Downing,05/12/1917,British
Graham,Whitehead,15/04/1922,British
Gino,Bianco,22/07/1916,Brazilian
David,Murray,28/12/1909,British
Eitel,Cantoni,04/10/1906,Uruguayan
Bill,Aston,29/03/1900,British
Adolf,Brudes,1899-10-15,German
Fritz,Riess,11/07/1922,German
Helmut,Niedermayr,29/11/1915,German
Hans,Klenk,28/10/1919,German
Marcel,Balsa,01/01/1909,French
Rudolf,Schoeller,27/04/1902,Swiss
Paul,Pietsch,20/06/1911,German
Josef,Peters,16/09/1914,German
Dries,van der Lof,23/08/1919,Dutch
Jan,Flinterman,02/10/1919,Dutch
Piero,Dusio,1899-10-13,Italian
Alberto,Crespo,16/01/1920,Argentine
Franco,Rol,05/06/1908,Italian
Consalvo,Sanesi,28/03/1911,Italian
Guy,Mairesse,10/08/1910,French
Henri,Louveau,25/01/1910,French
Lee,Wallard,07/09/1910,American
Carl,Forberg,04/03/1911,American
Mauri,Rose,26/05/1906,American
Bill,Mackey,15/12/1927,American
Cecil,Green,30/09/1919,American
Walt,Brown,30/12/1911,American
Mack,Hellings,14/09/1915,American
Pierre,Levegh,22/12/1905,French
Eug态ne,Chaboud,12/04/1907,French
Aldo,Gordini,20/05/1921,French
Joe,Kelly,13/03/1913,Irish
Philip,Fotheringham-Parker,22/09/1907,British
Brian,Shawe Taylor,28/01/1915,British
John,James,10/05/1914,British
Toni,Branca,15/09/1916,Swiss
Ken,Richardson,21/08/1911,British
Juan,Jover,23/11/1903,Spanish
Georges,Grignard,25/07/1905,French
David,Hampshire,29/12/1917,British
Geoff,Crossley,11/05/1921,British
Luigi,Fagioli,1898-06-09,Italian
Cuth,Harrison,06/07/1906,British
Joe,Fry,26/10/1915,British
Eug态ne,Martin,24/03/1915,French
Leslie,Johnson,22/03/1912,British
Clemente,Biondetti,1898-08-18,Italian
Alfredo,Pi塘n,21/10/1912,Argentine
Raymond,Sommer,31/08/1906,French
Joie,Chitwood,14/04/1912,American
Myron,Fohr,17/06/1912,American
Walt,Ader,15/12/1913,American
Jackie,Holmes,04/09/1920,American
Bayliss,Levrett,14/02/1914,American
Jimmy,Jackson,25/07/1910,American
Nello,Pagani,11/10/1911,Italian
Charles,Pozzi,27/08/1909,French
Dorino,Serafini,22/07/1909,Italian
Bill,Cantrell,31/01/1908,American
Johnny,Mantz,18/09/1918,American
Danny,Kladis,10/02/1917,American
桃scar,Gonz塘lez,10/11/1923,Uruguayan
Nico,H蘝lkenberg,19/08/1987,German
Vitaly,Petrov,08/09/1984,Russian
Lucas,di Grassi,11/08/1984,Brazilian
Bruno,Senna,15/10/1983,Brazilian
Karun,Chandhok,19/01/1984,Indian
Pastor,Maldonado,09/03/1985,Venezuelan
Paul,di Resta,16/04/1986,British
Sergio,P泰rez,26/01/1990,Mexican
J泰r太me,d'Ambrosio,27/12/1985,Belgian
Daniel,Ricciardo,01/07/1989,Australian
Jean-啼ric,Vergne,25/04/1990,French
Charles,Pic,15/02/1990,French
Max,Chilton,21/04/1991,British
Esteban,Guti泰rrez,05/08/1991,Mexican
Valtteri,Bottas,28/08/1989,Finnish
Giedo,van der Garde,25/04/1985,Dutch
Jules,Bianchi,03/08/1989,French
Kevin,Magnussen,05/10/1992,Danish
Daniil,Kvyat,26/04/1994,Russian
Andr泰,Lotterer,19/11/1981,German
Marcus,Ericsson,02/09/1990,Swedish
Will,Stevens,28/06/1991,British
Max,Verstappen,30/09/1997,Dutch
Felipe,Nasr,21/08/1992,Brazilian
Carlos,Sainz,01/09/1994,Spanish
Roberto,Merhi,22/03/1991,Spanish
Alexander,Rossi,25/09/1991,American
Jolyon,Palmer,20/01/1991,British
Pascal,Wehrlein,18/10/1994,German
Rio,Haryanto,22/01/1993,Indonesian
Stoffel,Vandoorne,26/03/1992,Belgian
Esteban,Ocon,17/09/1996,French
Lance,Stroll,29/10/1998,Canadian
Antonio,Giovinazzi,14/12/1993,Italian
Brendon,Hartley,10/11/1989,New Zealander