PilotoID,PilotoNomepop,PilotoSigla,PilotoNome,PilotoSobrenome
1,hamilton,HAM,Lewis,Hamilton
2,heidfeld,HEI,Nick,Heidfeld
3,rosberg,ROS,Nico,Rosberg
4,alonso,ALO,Fernando,Alonso
5,kovalainen,KOV,Heikki,Kovalainen
6,nakajima,NAK,Kazuki,Nakajima
7,bourdais,BOU,Sebastien,Bourdais
8,raikkonen,RAI,Kimi,Raikk苔nen
9,kubica,KUB,Robert,Kubica
10,glock,GLO,Timo,Glock
11,sato,SAT,Takuma,Sato
12,piquet_jr,PIQ,Nelson,Piquet Jr.
13,massa,MAS,Felipe,Massa
14,coulthard,COU,David,Coulthard
15,trulli,TRU,Jarno,Trulli
16,sutil,SUT,Adrian,Sutil
17,webber,WEB,Mark,Webber
18,button,BUT,Jenson,Button
19,davidson,DAV,Anthony,Davidson
20,vettel,VET,Sebastian,Vettel
21,fisichella,FIS,Giancarlo,Fisichella
22,barrichello,BAR,Rubens,Barrichello
23,ralf_schumacher,SCH,Ralf,Schumacher
24,liuzzi,LIU,Vitantonio,Liuzzi
25,wurz,WUR,Alexander,Wurz
26,speed,SPE,Scott,Speed
27,albers,ALB,Christijan,Albers
28,markus_winkelhock,WIN,Markus,Winkelhock
29,yamamoto,YAM,Sakon,Yamamoto
30,michael_schumacher,MSC,Michael,Schumacher
31,montoya,MON,Juan,Pablo Montoya
32,klien,KLI,Christian,Klien
33,monteiro,TMO,Tiago,Monteiro
34,ide,IDE,Yuji,Ide
35,villeneuve,VIL,Jacques,Villeneuve
36,montagny,FMO,Franck,Montagny
37,rosa,DLR,Pedro,de la Rosa
38,doornbos,DOO,Robert,Doornbos
39,karthikeyan,KAR,Narain,Karthikeyan
40,friesacher,FRI,Patrick,Friesacher
41,zonta,ZON,Ricardo,Zonta
42,pizzonia,PIZ,Ant太nio,Pizzonia
43,matta,NULL,Cristiano,da Matta
44,panis,NULL,Olivier,Panis
45,pantano,NULL,Giorgio,Pantano
46,bruni,NULL,Gianmaria,Bruni
47,baumgartner,NULL,Zsolt,Baumgartner
48,gene,NULL,Marc,Gene
49,frentzen,NULL,Heinz-Harald,Frentzen
50,verstappen,NULL,Jos,Verstappen
51,wilson,NULL,Justin,Wilson
52,firman,NULL,Ralph,Firman
53,kiesa,NULL,Nicolas,Kiesa
54,burti,NULL,Luciano,Burti
55,alesi,NULL,Jean,Alesi
56,irvine,NULL,Eddie,Irvine
57,hakkinen,NULL,Mika,Hakkinen
58,marques,NULL,Tarso,Marques
59,bernoldi,NULL,Enrique,Bernoldi
60,mazzacane,NULL,Gastan,Mazzacane
61,enge,NULL,Tomaz,Enge
62,yoong,NULL,Alex,Yoong
63,salo,NULL,Mika,Salo
64,diniz,NULL,Pedro,Diniz
65,herbert,NULL,Johnny,Herbert
66,mcnish,NULL,Allan,McNish
67,buemi,BUE,Sebastien,Buemi
68,takagi,NULL,Toranosuke,Takagi
69,badoer,BAD,Luca,Badoer
70,zanardi,NULL,Alessandro,Zanardi
71,damon_hill,NULL,Damon,Hill
72,sarrazin,NULL,Stephane,Sarrazin
73,rosset,NULL,Ricardo,Rosset
74,tuero,NULL,Esteban,Tuero
75,nakano,NULL,Shinji,Nakano
76,magnussen,MAG,Jan,Magnussen
77,berger,NULL,Gerhard,Berger
78,larini,NULL,Nicola,Larini
79,katayama,NULL,Ukyo,Katayama
80,sospiri,NULL,Vincenzo,Sospiri
81,morbidelli,NULL,Gianni,Morbidelli
82,fontana,NULL,Norberto,Fontana
83,lamy,NULL,Pedro,Lamy
84,brundle,NULL,Martin,Brundle
85,montermini,NULL,Andrea,Montermini
86,lavaggi,NULL,Giovanni,Lavaggi
87,blundell,NULL,Mark,Blundell
88,suzuki,NULL,Aguri,Suzuki
89,inoue,NULL,Taki,Inoue
90,moreno,NULL,Roberto,Moreno
91,wendlinger,NULL,Karl,Wendlinger
92,gachot,NULL,Bertrand,Gachot
93,schiattarella,NULL,Domenico,Schiattarella
94,martini,NULL,Pierluigi,Martini
95,mansell,NULL,Nigel,Mansell
96,boullion,NULL,Jean-Christophe,Boullion
97,papis,NULL,Massimiliano,Papis
98,deletraz,NULL,Jean-Denis,Deletraz
99,tarquini,NULL,Gabriele,Tarquini
100,comas,NULL,erik,Comas
101,brabham,NULL,David,Brabham
102,senna,NULL,Ayrton,Senna
103,bernard,NULL,eric,Bernard
104,fittipaldi,NULL,Christian,Fittipaldi
105,alboreto,NULL,Michele,Alboreto
106,beretta,NULL,Olivier,Beretta
107,ratzenberger,NULL,Roland,Ratzenberger
108,belmondo,NULL,Paul,Belmondo
109,lehto,NULL,Jyrki,Jarvilehto
110,cesaris,NULL,Andrea,de Cesaris
111,gounon,NULL,Jean-Marc,Gounon
112,alliot,NULL,Philippe,Alliot
113,adams,NULL,Philippe,Adams
114,dalmas,NULL,Yannick,Dalmas
115,noda,NULL,Hideki,Noda
116,lagorce,NULL,Franck,Lagorce
117,prost,NULL,Alain,Prost
118,warwick,NULL,Derek,Warwick
119,patrese,NULL,Riccardo,Patrese
120,barbazza,NULL,Fabrizio,Barbazza
121,andretti,NULL,Michael,Andretti
122,capelli,NULL,Ivan,Capelli
123,boutsen,NULL,Thierry,Boutsen
124,apicella,NULL,Marco,Apicella
125,naspetti,NULL,Emanuele,Naspetti
126,toshio_suzuki,NULL,Toshio,Suzuki
127,gugelmin,NULL,Mauracio,Gugelmin
128,poele,NULL,Eric,van de Poele
129,grouillard,NULL,Olivier,Grouillard
130,chiesa,NULL,Andrea,Chiesa
131,modena,NULL,Stefano,Modena
132,amati,NULL,Giovanna,Amati
133,caffi,NULL,Alex,Caffi
134,bertaggia,NULL,Enrico,Bertaggia
135,mccarthy,NULL,Perry,McCarthy
136,lammers,NULL,Jan,Lammers
137,piquet,NULL,Nelson,Piquet
138,satoru_nakajima,NULL,Satoru,Nakajima
139,pirro,NULL,Emanuele,Pirro
140,johansson,NULL,Stefan,Johansson
141,bailey,NULL,Julian,Bailey
142,chaves,NULL,Pedro,Chaves
143,bartels,NULL,Michael,Bartels
144,hattori,NULL,Naoki,Hattori
145,nannini,NULL,Alessandro,Nannini
146,schneider,NULL,Bernd,Schneider
147,barilla,NULL,Paolo,Barilla
148,foitek,NULL,Gregor,Foitek
149,langes,NULL,Claudio,Langes
150,gary_brabham,NULL,Gary,Brabham
151,donnelly,NULL,Martin,Donnelly
152,giacomelli,NULL,Bruno,Giacomelli
153,alguersuari,ALG,Jaime,Alguersuari
154,grosjean,GRO,Romain,Grosjean
155,kobayashi,KOB,Kamui,Kobayashi
156,palmer,NULL,Jonathan,Palmer
157,danner,NULL,Christian,Danner
158,cheever,NULL,Eddie,Cheever
159,sala,NULL,Luis,Perez-Sala
160,ghinzani,NULL,Piercarlo,Ghinzani
161,weidler,NULL,Volker,Weidler
162,raphanel,NULL,Pierre-Henri,Raphanel
163,arnoux,NULL,Rene,Arnoux
164,joachim_winkelhock,NULL,Joachim,Winkelhock
165,larrauri,NULL,Oscar,Larrauri
166,streiff,NULL,Philippe,Streiff
167,campos,NULL,Adrian,Campos
168,schlesser,NULL,Jean-Louis,Schlesser
169,fabre,NULL,Pascal,Fabre
170,fabi,NULL,Teo,Fabi
171,forini,NULL,Franco,Forini
172,laffite,NULL,Jacques,Laffite
173,angelis,NULL,Elio,de Angelis
174,dumfries,NULL,Johnny,Dumfries
175,tambay,NULL,Patrick,Tambay
176,surer,NULL,Marc,Surer
177,keke_rosberg,NULL,Keke,Rosberg
178,jones,NULL,Alan,Jones
179,rothengatter,NULL,Huub,Rothengatter
180,berg,NULL,Allen,Berg
181,manfred_winkelhock,NULL,Manfred,Winkelhock
182,lauda,NULL,Niki,Lauda
183,hesnault,NULL,Francois,Hesnault
184,baldi,NULL,Mauro,Baldi
185,bellof,NULL,Stefan,Bellof
186,acheson,NULL,Kenny,Acheson
187,watson,NULL,John,Watson
188,cecotto,NULL,Johnny,Cecotto
189,gartner,NULL,Jo,Gartner
190,corrado_fabi,NULL,Corrado,Fabi
191,thackwell,NULL,Mike,Thackwell
192,serra,NULL,Chico,Serra
193,sullivan,NULL,Danny,Sullivan
194,salazar,NULL,Eliseo,Salazar
195,guerrero,NULL,Roberto,Guerrero
196,boesel,NULL,Raul,Boesel
197,jarier,NULL,Jean-Pierre,Jarier
198,villeneuve_sr,NULL,Jacques,Villeneuve Sr.
199,reutemann,NULL,Carlos,Reutemann
200,mass,NULL,Jochen,Mass
201,borgudd,NULL,Slim,Borgudd
202,pironi,NULL,Didier,Pironi
203,gilles_villeneuve,NULL,Gilles,Villeneuve
204,paletti,NULL,Riccardo,Paletti
205,henton,NULL,Brian,Henton
206,daly,NULL,Derek,Daly
207,mario_andretti,NULL,Mario,Andretti
208,villota,NULL,Emilio,de Villota
209,lees,NULL,Geoff,Lees
210,byrne,NULL,Tommy,Byrne
211,keegan,NULL,Rupert,Keegan
212,rebaque,NULL,Hector,Rebaque
213,gabbiani,NULL,Beppe,Gabbiani
214,cogan,NULL,Kevin,Cogan
215,guerra,NULL,Miguel Angel,Guerra
216,stohr,NULL,Siegfried,Stohr
217,zunino,NULL,Ricardo,Zunino
218,londono,NULL,Ricardo,Londono
219,jabouille,NULL,Jean-Pierre,Jabouille
220,francia,NULL,Giorgio,Francia
221,depailler,NULL,Patrick,Depailler
222,scheckter,NULL,Jody,Scheckter
223,regazzoni,NULL,Clay,Regazzoni
224,emerson_fittipaldi,NULL,Emerson,Fittipaldi
225,kennedy,NULL,Dave,Kennedy
226,south,NULL,Stephen,South
227,needell,NULL,Tiff,Needell
228,desire_wilson,NULL,Desire,Wilson
229,ertl,NULL,Harald,Ertl
230,brambilla,NULL,Vittorio,Brambilla
231,hunt,NULL,James,Hunt
232,merzario,NULL,Arturo,Merzario
233,stuck,NULL,Hans-Joachim,Stuck
234,brancatelli,NULL,Gianfranco,Brancatelli
235,ickx,NULL,Jacky,Ickx
236,gaillard,NULL,Patrick,Gaillard
237,ribeiro,NULL,Alex,Ribeiro
238,peterson,NULL,Ronnie,Peterson
239,lunger,NULL,Brett,Lunger
240,ongais,NULL,Danny,Ongais
241,leoni,NULL,Lamberto,Leoni
242,galica,NULL,Divina,Galica
243,stommelen,NULL,Rolf,Stommelen
244,colombo,NULL,Alberto,Colombo
245,trimmer,NULL,Tony,Trimmer
246,binder,NULL,Hans,Binder
247,bleekemolen,NULL,Michael,Bleekemolen
248,gimax,NULL,Carlo,Franchi
249,rahal,NULL,Bobby,Rahal
250,pace,NULL,Carlos,Pace
251,ian_scheckter,NULL,Ian,Scheckter
252,pryce,NULL,Tom,Pryce
253,hoffmann,NULL,Ingo,Hoffmann
254,zorzi,NULL,Renzo,Zorzi
255,nilsson,NULL,Gunnar,Nilsson
256,perkins,NULL,Larry,Perkins
257,hayje,NULL,Boy,Lunger
258,neve,NULL,Patrick,Neve
259,purley,NULL,David,Purley
260,andersson,NULL,Conny,Andersson
261,dryver,NULL,Bernard,de Dryver
262,oliver,NULL,Jackie,Oliver
263,kozarowitzky,NULL,Mikko,Kozarowitzky
264,sutcliffe,NULL,Andy,Sutcliffe
265,edwards,NULL,Guy,Edwards
266,mcguire,NULL,Brian,McGuire
267,schuppan,NULL,Vern,Schuppan
268,heyer,NULL,Hans,Heyer
269,pilette,NULL,Teddy,Pilette
270,ashley,NULL,Ian,Ashley
271,kessel,NULL,Loris,Kessel
272,takahashi,NULL,Kunimitsu,Takahashi
273,hoshino,NULL,Kazuyoshi,Hoshino
274,takahara,NULL,Noritake,Takahara
275,lombardi,NULL,Lella,Lombardi
276,evans,NULL,Bob,Evans
277,leclere,NULL,Michel,Leclere
278,amon,NULL,Chris,Amon
279,zapico,NULL,Emilio,Zapico
280,pescarolo,NULL,Henri,Pescarolo
281,nelleman,NULL,Jac,Nelleman
282,magee,NULL,Damien,Magee
283,wilds,NULL,Mike,Wilds
284,pesenti_rossi,NULL,Alessandro,Pesenti-Rossi
285,stuppacher,NULL,Otto,Stuppacher
286,brown,NULL,Warwick,Brown
287,hasemi,NULL,Masahiro,Hasemi
288,donohue,NULL,Mark,Donohue
289,hill,NULL,Graham,Hill
290,wilson_fittipaldi,NULL,Wilson,Fittipaldi
291,tunmer,NULL,Guy,Tunmer
292,keizan,NULL,Eddie,Keizan
293,charlton,NULL,Dave,Charlton
294,brise,NULL,Tony,Brise
295,wunderink,NULL,Roelof,Wunderink
296,migault,NULL,Francois,Migault
297,palm,NULL,Torsten,Palm
298,lennep,NULL,Gijs,van Lennep
299,fushida,NULL,Hiroshi,Fushida
300,nicholson,NULL,John,Nicholson
301,morgan,NULL,Dave,Morgan
302,crawford,NULL,Jim,Crawford
303,vonlanthen,NULL,Jo,Vonlanthen
304,hulme,NULL,Denny,Hulme
305,hailwood,NULL,Mike,Hailwood
306,beltoise,NULL,Jean-Pierre,Beltoise
307,ganley,NULL,Howden,Ganley
308,robarts,NULL,Richard,Robarts
309,revson,NULL,Peter,Revson
310,driver,NULL,Paddy,Driver
311,belso,NULL,Tom,Bels厅
312,redman,NULL,Brian,Redman
313,opel,NULL,Rikky,von Opel
314,schenken,NULL,Tim,Schenken
315,larrousse,NULL,Gerard,Larrousse
316,kinnunen,NULL,Leo,Kinnunen
317,wisell,NULL,Reine,Wisell
318,roos,NULL,Bertil,Roos
319,dolhem,NULL,Jose,Dolhem
320,gethin,NULL,Peter,Gethin
321,bell,NULL,Derek,Bell
322,hobbs,NULL,David,Hobbs
323,quester,NULL,Dieter,Quester
324,koinigg,NULL,Helmuth,Koinigg
325,facetti,NULL,Carlo,Facetti
326,wietzes,NULL,Eppie,Wietzes
327,cevert,NULL,Francois,Cevert
328,stewart,NULL,Jackie,Stewart
329,beuttler,NULL,Mike,Beuttler
330,galli,NULL,Nanni,Galli
331,bueno,NULL,Luiz,Bueno
332,follmer,NULL,George,Follmer
333,adamich,NULL,Andrea,de Adamich
334,pretorius,NULL,Jackie,Pretorius
335,williamson,NULL,Roger,Williamson
336,mcrae,NULL,Graham,McRae
337,marko,NULL,Helmut,Marko
338,walker,NULL,David,Walker
339,roig,NULL,Alex,Soler-Roig
340,love,NULL,John,Love
341,surtees,NULL,John,Surtees
342,barber,NULL,Skip,Barber
343,brack,NULL,Bill,Brack
344,posey,NULL,Sam,Posey
345,rodriguez,NULL,Pedro,Rodraguez
346,siffert,NULL,Jo,Siffert
347,bonnier,NULL,Jo,Bonnier
348,mazet,NULL,Francois,Mazet
349,jean,NULL,Max,Jean
350,elford,NULL,Vic,Elford
351,moser,NULL,Silvio,Moser
352,eaton,NULL,George,Eaton
353,lovely,NULL,Pete,Lovely
354,craft,NULL,Chris,Craft
355,Cannoc,NULL,John,Cannon
356,jack_brabham,NULL,Jack,Brabham
357,miles,NULL,John,Miles
358,rindt,NULL,Jochen,Rindt
359,gavin,NULL,Johnny,Servoz-Gavin
360,mclaren,NULL,Bruce,McLaren
361,courage,NULL,Piers,Courage
362,klerk,NULL,Peter,de Klerk
363,giunti,NULL,Ignazio,Giunti
364,gurney,NULL,Dan,Gurney
365,hahne,NULL,Hubert,Hahne
366,hutchison,NULL,Gus,Hutchison
367,westbury,NULL,Peter,Westbury
368,tingle,NULL,Sam,Tingle
369,rooyen,NULL,Basil,van Rooyen
370,attwood,NULL,Richard,Attwood
371,pease,NULL,Al,Pease
372,cordts,NULL,John,Cordts
373,clark,NULL,Jim,Clark
374,spence,NULL,Mike,Spence
375,scarfiotti,NULL,Ludovico,Scarfiotti
376,bianchi,BIA,Lucien,Bianchi
377,jo_schlesser,NULL,Jo,Schlesser
378,widdows,NULL,Robin,Widdows
379,ahrens,NULL,Kurt,Ahrens
380,gardner,NULL,Frank,Gardner
381,unser,NULL,Bobby,Unser
382,solana,NULL,Moises,Solana
383,anderson,NULL,Bob,Anderson
384,botha,NULL,Luki,Botha
385,bandini,NULL,Lorenzo,Bandini
386,ginther,NULL,Richie,Ginther
387,parkes,NULL,Mike,Parkes
388,irwin,NULL,Chris,Irwin
389,ligier,NULL,Guy,Ligier
390,rees,NULL,Alan,Rees
391,hart,NULL,Brian,Hart
392,fisher,NULL,Mike,Fisher
393,tom_jones,NULL,Tom,Jones
394,baghetti,NULL,Giancarlo,Baghetti
395,williams,NULL,Jonathan,Williams
396,bondurant,NULL,Bob,Bondurant
397,arundell,NULL,Peter,Arundell
398,vic_wilson,NULL,Vic,Wilson
399,taylor,NULL,John,Taylor
400,lawrence,NULL,Chris,Lawrence
401,trevor_taylor,NULL,Trevor,Taylor
402,geki,NULL,Giacomo,Russo
403,phil_hill,NULL,Phil,Hill
404,ireland,NULL,Innes,Ireland
405,bucknum,NULL,Ronnie,Bucknum
406,hawkins,NULL,Paul,Hawkins
407,prophet,NULL,David,Prophet
408,maggs,NULL,Tony,Maggs
409,blokdyk,NULL,Trevor,Blokdyk
410,lederle,NULL,Neville,Lederle
411,serrurier,NULL,Doug,Serrurier
412,niemann,NULL,Brausch,Niemann
413,pieterse,NULL,Ernie,Pieterse
414,puzey,NULL,Clive,Puzey
415,reed,NULL,Ray,Reed
416,clapham,NULL,David,Clapham
417,blignaut,NULL,Alex,Blignaut
418,gregory,NULL,Masten,Gregory
419,rhodes,NULL,John,Rhodes
420,raby,NULL,Ian,Raby
421,rollinson,NULL,Alan,Rollinson
422,gubby,NULL,Brian,Gubby
423,mitter,NULL,Gerhard,Mitter
424,bussinello,NULL,Roberto,Bussinello
425,vaccarella,NULL,Nino,Vaccarella
426,bassi,NULL,Giorgio,Bassi
427,trintignant,NULL,Maurice,Trintignant
428,collomb,NULL,Bernard,Collomb
429,andre_pilette,NULL,Andre,Pilette
430,beaufort,NULL,Carel Godin,de Beaufort
431,barth,NULL,Edgar,Barth
432,cabral,NULL,Mario de Araujo,Cabral
433,hansgen,NULL,Walt,Hansgen
434,sharp,NULL,Hap,Sharp
435,mairesse,NULL,Willy,Mairesse
436,campbell-jones,NULL,John,Campbell-Jones
437,burgess,NULL,Ian,Burgess
438,settember,NULL,Tony,Settember
439,estefano,NULL,Nasif,Estefano
440,hall,NULL,Jim,Hall
441,parnell,NULL,Tim,Parnell
442,kuhnke,NULL,Kurt,Kuhnke
443,ernesto_brambilla,NULL,Ernesto,Brambilla
444,lippi,NULL,Roberto,Lippi
445,seiffert,NULL,Ganther,Seiffert
446,abate,NULL,Carlo,Abate
447,starrabba,NULL,Gaetano,Starrabba
448,broeker,NULL,Peter,Broeker
449,ward,NULL,Rodger,Ward
450,vos,NULL,Ernie,de Vos
451,dochnal,NULL,Frank,Dochnal
452,monarch,NULL,Thomas,Monarch
453,lewis,NULL,Jackie,Lewis
454,ricardo_rodriguez,NULL,Ricardo,Rodraguez
455,seidel,NULL,Wolfgang,Seidel
456,salvadori,NULL,Roy,Salvadori
457,pon,NULL,Ben,Pon
458,slotemaker,NULL,Rob,Slotemaker
459,marsh,NULL,Tony,Marsh
460,ashmore,NULL,Gerry,Ashmore
461,schiller,NULL,Heinz,Schiller
462,davis,NULL,Colin,Davis
463,chamberlain,NULL,Jay,Chamberlain
464,shelly,NULL,Tony,Shelly
465,greene,NULL,Keith,Greene
466,walter,NULL,Heini,Walter
467,prinoth,NULL,Ernesto,Prinoth
468,penske,NULL,Roger,Penske
469,schroeder,NULL,Rob,Schroeder
470,mayer,NULL,Timmy,Mayer
471,johnstone,NULL,Bruce,Johnstone
472,harris,NULL,Mike,Harris
473,hocking,NULL,Gary,Hocking
474,vyver,NULL,Syd,van der Vyver
475,moss,NULL,Stirling,Moss
476,trips,NULL,Wolfgang,von Trips
477,allison,NULL,Cliff,Allison
478,herrmann,NULL,Hans,Herrmann
479,brooks,NULL,Tony,Brooks
480,may,NULL,Michael,May
481,henry_taylor,NULL,Henry,Taylor
482,gendebien,NULL,Olivier,Gendebien
483,scarlatti,NULL,Giorgio,Scarlatti
484,naylor,NULL,Brian,Naylor
485,bordeu,NULL,Juan Manuel,Bordeu
486,fairman,NULL,Jack,Fairman
487,natili,NULL,Massimo,Natili
488,monteverdi,NULL,Peter,Monteverdi
489,pirocchi,NULL,Renato,Pirocchi
490,duke,NULL,Geoff,Duke
491,thiele,NULL,Alfonso,Thiele
492,boffa,NULL,Menato,Boffa
493,ryan,NULL,Peter,Ryan
494,ruby,NULL,Lloyd,Ruby
495,ken_miles,NULL,Ken,Miles
496,menditeguy,NULL,Carlos,Menditeguy
497,larreta,NULL,Alberto Rodriguez,Larreta
498,gonzalez,NULL,Jose Froilan,Gonzalez
499,bonomi,NULL,Roberto,Bonomi
500,munaron,NULL,Gino,Munaron
501,schell,NULL,Harry,Schell
502,stacey,NULL,Alan,Stacey
503,chimeri,NULL,Ettore,Chimeri
504,creus,NULL,Antonio,Creus
505,bristow,NULL,Chris,Bristow
506,halford,NULL,Bruce,Halford
507,daigh,NULL,Chuck,Daigh
508,reventlow,NULL,Lance,Reventlow
509,rathmann,NULL,Jim,Rathmann
510,goldsmith,NULL,Paul,Goldsmith
511,branson,NULL,Don,Branson
512,thomson,NULL,Johnny,Thomson
513,johnson,NULL,Eddie,Johnson
514,veith,NULL,Bob,Veith
515,tingelstad,NULL,Bud,Tingelstad
516,christie,NULL,Bob,Christie
517,amick,NULL,Red,Amick
518,darter,NULL,Duane,Carter
519,homeier,NULL,Bill,Homeier
520,hartley,NULL,Gene,Hartley
521,stevenson,NULL,Chuck,Stevenson
522,grim,NULL,Bobby,Grim
523,templeman,NULL,Shorty,Templeman
524,hurtubise,NULL,Jim,Hurtubise
525,bryan,NULL,Jimmy,Bryan
526,ruttman,NULL,Troy,Ruttman
527,sachs,NULL,Eddie,Sachs
528,freeland,NULL,Don,Freeland
529,bettenhausen,NULL,Tony,Bettenhausen
530,weiler,NULL,Wayne,Weiler
531,foyt,NULL,Anthony,Foyt
532,russo,NULL,Eddie,Russo
533,boyd,NULL,Johnny,Boyd
534,force,NULL,Gene,Force
535,mcwithey,NULL,Jim,McWithey
536,sutton,NULL,Len,Sutton
537,dick_rathmann,NULL,Dick,Rathmann
538,herman,NULL,Al,Herman
539,dempsey_wilson,NULL,Dempsey,Wilson
540,mike_taylor,NULL,Mike,Taylor
541,flockhart,NULL,Ron,Flockhart
542,piper,NULL,David,Piper
543,cabianca,NULL,Giulio,Cabianca
544,drogo,NULL,Piero,Drogo
545,gamble,NULL,Fred,Gamble
546,owen,NULL,Arthur,Owen
547,gould,NULL,Horace,Gould
548,drake,NULL,Bob,Drake
549,bueb,NULL,Ivor,Bueb
550,Changy,NULL,Alain,de Changy
551,filippis,NULL,Maria,de Filippis
552,lucienbonnet,NULL,Jean,Lucienbonnet
553,testut,NULL,Andre,Testut
554,behra,NULL,Jean,Behra
555,paul_russo,NULL,Paul,Russo
556,daywalt,NULL,Jimmy,Daywalt
557,arnold,NULL,Chuck,Arnold
558,keller,NULL,Al,Keller
559,flaherty,NULL,Pat,Flaherty
560,cheesbourg,NULL,Bill,Cheesbourg
561,ray_crawford,NULL,Ray,Crawford
562,turner,NULL,Jack,Turner
563,weyant,NULL,Chuck,Weyant
564,larson,NULL,Jud,Larson
565,magill,NULL,Mike,Magill
566,shelby,NULL,Carroll,Shelby
567,orey,NULL,Fritz,d'Orey
568,fontes,NULL,Azdrubal,Fontes
569,ashdown,NULL,Peter,Ashdown
570,bill_moss,NULL,Bill,Moss
571,dennis_taylor,NULL,Dennis,Taylor
572,blanchard,NULL,Harry,Blanchard
573,tomaso,NULL,Alessandro,de Tomaso
574,constantine,NULL,George,Constantine
575,said,NULL,Bob,Said
576,cade,NULL,Phil,Cade
577,musso,NULL,Luigi,Musso
578,hawthorn,NULL,Mike,Hawthorn
579,fangio,NULL,Juan,Fangio
580,godia,NULL,Paco,Godia
581,collins,NULL,Peter,Collins
582,kavanagh,NULL,Ken,Kavanagh
583,gerini,NULL,Gerino,Gerini
584,kessler,NULL,Bruce,Kessler
585,emery,NULL,Paul,Emery
586,piotti,NULL,Luigi,Piotti
587,ecclestone,NULL,Bernie,Ecclestone
588,taramazzo,NULL,Luigi,Taramazzo
589,chiron,NULL,Louis,Chiron
590,lewis-evans,NULL,Stuart,Lewis-Evans
591,george_amick,NULL,George,Amick
592,reece,NULL,Jimmy,Reece
593,parsons,NULL,Johnnie,Parsons
594,tolan,NULL,Johnnie,Tolan
595,garrett,NULL,Billy,Garrett
596,elisian,NULL,Ed,Elisian
597,connor,NULL,Pat,O'Connor
598,jerry_unser,NULL,Jerry,Unser
599,bisch,NULL,Art,Bisch
600,goethals,NULL,Christian,Goethals
601,gibson,NULL,Dick,Gibson
602,la_caze,NULL,Robert,La Caze
603,guelfi,NULL,Andre,Guelfi
604,picard,NULL,Francois,Picard
605,bridger,NULL,Tom,Bridger
606,portago,NULL,Alfonso,de Portago
607,perdisa,NULL,Cesare,Perdisa
608,castellotti,NULL,Eugenio,Castellotti
609,simon,NULL,Andre,Simon
610,leston,NULL,Les,Leston
611,hanks,NULL,Sam,Hanks
612,linden,NULL,Andy,Linden
613,teague,NULL,Marshall,Teague
614,edmunds,NULL,Don,Edmunds
615,agabashian,NULL,Fred,Agabashian
616,george,NULL,Elmer,George
617,macdowel,NULL,Mike,MacDowel
618,mackay-fraser,NULL,Herbert,MacKay-Fraser
619,gerard,NULL,Bob,Gerard
620,maglioli,NULL,Umberto,Maglioli
621,england,NULL,Paul,England
622,landi,NULL,Chico,Landi
623,uria,NULL,Alberto,Uria
624,ramos,NULL,Hernando,da Silva Ramos
625,bayol,NULL,elie,Bayol
626,manzon,NULL,Robert,Manzon
627,rosier,NULL,Louis,Rosier
628,sweikert,NULL,Bob,Sweikert
629,griffith,NULL,Cliff,Griffith
630,dinsmore,NULL,Duke,Dinsmore
631,andrews,NULL,Keith,Andrews
632,frere,NULL,Paul,Frere
633,villoresi,NULL,Luigi,Villoresi
634,scotti,NULL,Piero,Scotti
635,chapman,NULL,Colin,Chapman
636,titterington,NULL,Desmond,Titterington
637,scott_Brown,NULL,Archie,Scott Brown
638,volonterio,NULL,Ottorino,Volonterio
639,milhoux,NULL,Andre,Milhoux
640,graffenried,NULL,Toulo,de Graffenried
641,taruffi,NULL,Piero,Taruffi
642,farina,NULL,Nino,Farina
643,mieres,NULL,Roberto,Mieres
644,mantovani,NULL,Sergio,Mantovani
645,bucci,NULL,Clemar,Bucci
646,iglesias,NULL,Jesus,Iglesias
647,ascari,NULL,Alberto,Ascari
648,kling,NULL,Karl,Kling
649,birger,NULL,Pablo,Birger
650,pollet,NULL,Jacques,Pollet
651,macklin,NULL,Lance,Macklin
652,whiteaway,NULL,Ted,Whiteaway
653,davies,NULL,Jimmy,Davies
654,faulkner,NULL,Walt,Faulkner
655,niday,NULL,Cal,Niday
656,cross,NULL,Art,Cross
657,vukovich,NULL,Bill,Vukovich
658,mcgrath,NULL,Jack,McGrath
659,hoyt,NULL,Jerry,Hoyt
660,claes,NULL,Johnny,Claes
661,peter_walker,NULL,Peter,Walker
662,sparken,NULL,Mike,Sparken
663,wharton,NULL,Ken,Wharton
664,mcalpine,NULL,Kenneth,McAlpine
665,marr,NULL,Leslie,Marr
666,rolt,NULL,Tony,Rolt
667,fitch,NULL,John,Fitch
668,lucas,NULL,Jean,Lucas
669,bira,NULL,Prince,Bira
670,marimon,NULL,Onofre,Mariman
671,loyer,NULL,Roger,Loyer
672,daponte,NULL,Jorge,Daponte
673,nazaruk,NULL,Mike,Nazaruk
674,crockett,NULL,Larry,Crockett
675,ayulo,NULL,Manny,Ayulo
676,armi,NULL,Frank,Armi
677,webb,NULL,Travis,Webb
678,duncan,NULL,Len,Duncan
679,mccoy,NULL,Ernie,McCoy
680,swaters,NULL,Jacques,Swaters
681,georges_berger,NULL,Georges,Berger
682,beauman,NULL,Don,Beauman
683,thorne,NULL,Leslie,Thorne
684,whitehouse,NULL,Bill,Whitehouse
685,riseley_prichard,NULL,John,Riseley-Prichard
686,reg_parnell,NULL,Reg,Parnell
687,whitehead,NULL,Peter,Whitehead
688,brandon,NULL,Eric,Brandon
689,alan_brown,NULL,Alan,Brown
690,nuckey,NULL,Rodney,Nuckey
691,lang,NULL,Hermann,Lang
692,helfrich,NULL,Theo,Helfrich
693,wacker,NULL,Fred,Wacker
694,riu,NULL,Giovanni,de Riu
695,galvez,NULL,Oscar,Galvez
696,john_barber,NULL,John,Barber
697,bonetto,NULL,Felice,Bonetto
698,cruz,NULL,Adolfo,Cruz
699,nalon,NULL,Duke,Nalon
700,scarborough,NULL,Carl,Scarborough
701,holland,NULL,Bill,Holland
702,bob_scott,NULL,Bob,Scott
703,legat,NULL,Arthur,Legat
704,cabantous,NULL,Yves,Cabantous
705,crook,NULL,Tony,Crook
706,jimmy_stewart,NULL,Jimmy,Stewart
707,ian_stewart,NULL,Ian,Stewart
708,duncan_hamilton,NULL,Duncan,Hamilton
709,klodwig,NULL,Ernst,Klodwig
710,krause,NULL,Rudolf,Krause
711,karch,NULL,Oswald,Karch
712,heeks,NULL,Willi,Heeks
713,fitzau,NULL,Theo,Fitzau
714,adolff,NULL,Kurt,Adolff
715,bechem,NULL,Ganther,Bechem
716,bauer,NULL,Erwin,Bauer
717,hans_stuck,NULL,Hans,von Stuck
718,loof,NULL,Ernst,Loof
719,scherrer,NULL,Albert,Scherrer
720,terra,NULL,Max,de Terra
721,hirt,NULL,Peter,Hirt
722,carini,NULL,Piero,Carini
723,fischer,NULL,Rudi,Fischer
724,ulmen,NULL,Toni,Ulmen
725,abecassis,NULL,George,Abecassis
726,george_connor,NULL,George,Connor
727,rigsby,NULL,Jim,Rigsby
728,james,NULL,Joe,James
729,schindler,NULL,Bill,Schindler
730,fonder,NULL,George,Fonder
731,banks,NULL,Henry,Banks
732,mcdowell,NULL,Johnny,McDowell
733,miller,NULL,Chet,Miller
734,ball,NULL,Bobby,Ball
735,tornaco,NULL,Charles,de Tornaco
736,laurent,NULL,Roger,Laurent
737,obrien,NULL,Robert,O'Brien
738,gaze,NULL,Tony,Gaze
739,charrington,NULL,Robin,Montgomerie-Charrington
740,comotti,NULL,Franco,Comotti
741,etancelin,NULL,Philippe,etancelin
742,poore,NULL,Dennis,Poore
743,thompson,NULL,Eric,Thompson
744,downing,NULL,Ken,Downing
745,graham_whitehead,NULL,Graham,Whitehead
746,bianco,NULL,Gino,Bianco
747,murray,NULL,David,Murray
748,cantoni,NULL,Eitel,Cantoni
749,aston,NULL,Bill,Aston
750,brudes,NULL,Adolf,Brudes
751,riess,NULL,Fritz,Riess
752,niedermayr,NULL,Helmut,Niedermayr
753,klenk,NULL,Hans,Klenk
754,balsa,NULL,Marcel,Balsa
755,schoeller,NULL,Rudolf,Schoeller
756,pietsch,NULL,Paul,Pietsch
757,peters,NULL,Josef,Peters
758,lof,NULL,Dries,van der Lof
759,flinterman,NULL,Jan,Flinterman
760,dusio,NULL,Piero,Dusio
761,crespo,NULL,Alberto,Crespo
762,rol,NULL,Franco,Rol
763,sanesi,NULL,Consalvo,Sanesi
764,guy_mairesse,NULL,Guy,Mairesse
765,louveau,NULL,Henri,Louveau
766,wallard,NULL,Lee,Wallard
767,forberg,NULL,Carl,Forberg
768,rose,NULL,Mauri,Rose
769,mackey,NULL,Bill,Mackey
770,green,NULL,Cecil,Green
771,walt_brown,NULL,Walt,Brown
772,hellings,NULL,Mack,Hellings
773,levegh,NULL,Pierre,Levegh
774,chaboud,NULL,Eugene,Chaboud
775,gordini,NULL,Aldo,Gordini
776,kelly,NULL,Joe,Kelly
777,parker,NULL,Philip,Fotheringham-Parker
778,shawe_taylor,NULL,Brian,Shawe Taylor
779,john_james,NULL,John,James
780,branca,NULL,Toni,Branca
781,richardson,NULL,Ken,Richardson
782,jover,NULL,Juan,Jover
783,grignard,NULL,Georges,Grignard
784,hampshire,NULL,David,Hampshire
785,crossley,NULL,Geoff,Crossley
786,fagioli,NULL,Luigi,Fagioli
787,harrison,NULL,Cuth,Harrison
788,fry,NULL,Joe,Fry
789,martin,NULL,Eugene,Martin
790,leslie_johnson,NULL,Leslie,Johnson
791,biondetti,NULL,Clemente,Biondetti
792,pian,NULL,Alfredo,Pian
793,sommer,NULL,Raymond,Sommer
794,chitwood,NULL,Joie,Chitwood
795,fohr,NULL,Myron,Fohr
796,ader,NULL,Walt,Ader
797,holmes,NULL,Jackie,Holmes
798,levrett,NULL,Bayliss,Levrett
799,jackson,NULL,Jimmy,Jackson
800,pagani,NULL,Nello,Pagani
801,pozzi,NULL,Charles,Pozzi
802,serafini,NULL,Dorino,Serafini
803,cantrell,NULL,Bill,Cantrell
804,mantz,NULL,Johnny,Mantz
805,kladis,NULL,Danny,Kladis
806,oscar_gonzalez,NULL,Oscar,Gonzalez
807,hulkenberg,HUL,Nico,Halkenberg
808,petrov,PET,Vitaly,Petrov
810,grassi,DIG,Lucas,di Grassi
811,bruno_senna,SEN,Bruno,Senna
812,chandhok,CHA,Karun,Chandhok
813,maldonado,MAL,Pastor,Maldonado
814,resta,DIR,Paul,di Resta
815,perez,PER,Sergio,Perez
816,ambrosio,DAM,Jerame,d'Ambrosio
817,ricciardo,RIC,Daniel,Ricciardo
818,vergne,VER,Jean-eric,Vergne
819,pic,PIC,Charles,Pic
820,chilton,CHI,Max,Chilton
821,gutierrez,GUT,Esteban,Gutierrez
822,bottas,BOT,Valtteri,Bottas
823,garde,VDG,Giedo,van der Garde
824,jules_bianchi,BIA,Jules,Bianchi
825,kevin_magnussen,MAG,Kevin,Magnussen
826,kvyat,KVY,Daniil,Kvyat
827,lotterer,LOT,Andre,Lotterer
828,ericsson,ERI,Marcus,Ericsson
829,stevens,STE,Will,Stevens
830,max_verstappen,VER,Max,Verstappen
831,nasr,NAS,Felipe,Nasr
832,sainz,SAI,Carlos,Sainz
833,merhi,MER,Roberto,Merhi
834,rossi,RSS,Alexander,Rossi
835,jolyon_palmer,PAL,Jolyon,Palmer
836,wehrlein,WEH,Pascal,Wehrlein
837,haryanto,HAR,Rio,Haryanto
838,vandoorne,VAN,Stoffel,Vandoorne
839,ocon,OCO,Esteban,Ocon
840,stroll,STR,Lance,Stroll
841,giovinazzi,GIO,Antonio,Giovinazzi
842,gasly,GAS,Pierre,Gasly
843,brendon_hartley,HAR,Brendon,Hartley